204, liam.king@example.com, 41, San Diego, 
15, charles.harris@example.com, 55, Charlotte, VIP
109, lynn.garcia@example.com, 40, Brownsville, Premium
13, thomas.jackson@example.com, 31, Fort Worth, Premium
112, alonzo.davis@example.com, 43, Hampton, Basic
259, violet.webb@example.com, 24, Boise, Basic
232, jayden.bailey@example.com, 30, Honolulu, Basic
93, gene.harris@example.com, 40, Pomona, Premium
157, norman.white@example.com, 23, Lubbock, Premium
121, dustin.thompson@example.com, 28, Kansas City, Premium
264, connor.hamilton@example.com, 47, Rochester, VIP
86, beth.davis@example.com, 43, Rochester, Basic
44, kathleen.garcia@example.com, 22, Minneapolis, Basic
12, margaret.thomas@example.com, 48, Jacksonville, Basic
252, isaac.stewart@example.com, 35, , VIP
221, , 48, Oakland, Premium
214, alexander.perez@example.com, 40, Fresno, Basic
155, nicolas.thomas@example.com, 45, Reno, VIP
66, claudia.white@example.com, 23, Irvine, Basic
211, mia.nelson@example.com, 31, Milwaukee, Basic
142, alfredo.thomas@example.com, 29, Saint Paul, Basic
19, edward.rodriguez@example.com, 43, Denver, VIP
161, elsa.garcia@example.com, 40, Irving, Premium
208, aiden.scott@example.com, 27, Denver, Basic
136, kerry.rodriguez@example.com, 37, Honolulu, Basic
268, kaylee.stanton@example.com, 25, Tacoma, Basic
166, emilio.romero@example.com, 24, Birmingham, Basic
18, mildred.garcia@example.com, 26, Seattle, Basic
9, richard.martinez@example.com, 41, Dallas, Premium
117, kristy.jackson@example.com, 35, Little Rock, Premium
31, stephen.garcia@example.com, 49, Fresno, VIP
22, anna.garcia@example.com, 47, Nashville, Basic
11, joseph.taylor@example.com, 27, Austin, VIP
188, denis.krause@example.com, 37, Tallahassee, Basic
153, terrence.martinez@example.com, 39, Madison, Premium
184, chase.mccarthy@example.com, 52, Grand Rapids, Basic
244, julian.jenkins@example.com, 41, Newark, Basic
40, lisa.white@example.com, 24, Omaha, Basic
248, gabriel.price@example.com, 38, Madison, Premium
201, , 36, Portland, Basic
185, damon.fletcher@example.com, 31, Salt Lake City, Premium
21, jeffrey.davis@example.com, 29, Boston, Premium
71, theresa.rodriguez@example.com, 35, Madison, VIP
59, dale.wilson@example.com, 36, St. Louis, VIP
173, clayton.brewer@example.com, 28, Oxnard, Premium
203, sophia.green@example.com, 29, , VIP
26, shirley.jackson@example.com, 34, Portland, Basic
104, rhonda.jackson@example.com, 34, Overland Park, Basic
195, ernesto.rush@example.com, 35, Salem, VIP
89, oscar.anderson@example.com, 51, Fontana, Premium
62, evelyn.martinez@example.com, 34, Cincinnati, Basic
246, david.powell@example.com, 31, Chandler, VIP
45, jimmy.rodriguez@example.com, 40, Cleveland, Premium
234, jack.cooper@example.com, 28, Lexington, VIP
266, cameron.woods@example.com, 36, Modesto, Premium
210, , 45, Nashville, VIP
163, don.wilson@example.com, 25, Boise, VIP
105, kirk.white@example.com, 23, Amarillo, Premium
158, edna.harris@example.com, 52, Scottsdale, Basic
7, david.garcia@example.com, 51, San Antonio, VIP
25, clarence.thomas@example.com, 50, Louisville, Premium
65, harvey.jackson@example.com, 31, Orlando, Premium
132, dominic.harris@example.com, 52, New Orleans, Basic
56, lori.thompson@example.com, 33, Corpus Christi, Basic
135, pat.garcia@example.com, 40, Anaheim, VIP
139, essie.garcia@example.com, 32, Lexington, VIP
178, augustine.pierce@example.com, 30, Sioux Falls, Basic
198, garry.rios@example.com, 33, Corpus Christi, Basic
122, della.garcia@example.com, 47, Savannah, Basic
222, benjamin.collins@example.com, 32, , VIP
36, carol.martinez@example.com, 38, Atlanta, Basic
216, daniel.turner@example.com, 28, Long Beach, VIP
145, glen.harris@example.com, 40, Anchorage, Premium
224, henry.sanchez@example.com, 39, Cleveland, Premium
170, alfredo.schmidt@example.com, 22, Modesto, Basic
126, bernice.garcia@example.com, 30, Oakland, Basic
113, jaime.garcia@example.com, 32, Salem, Premium
24, laura.anderson@example.com, 23, Oklahoma City, Basic
156, dolores.jackson@example.com, 34, Buffalo, Basic
101, jerry.martinez@example.com, 39, Ontario, Premium
181, caleb.bowman@example.com, 45, Huntsville, Premium
169, tyrell.simmons@example.com, 35, Des Moines, Premium
176, brad.andrews@example.com, 26, Columbus, Basic
192, elijah.kline@example.com, 24, Worcester, Basic
182, carmine.olson@example.com, 34, Shreveport, Basic
186, darnell.poole@example.com, 28, Overland Park, Basic
239, audrey.ward@example.com, 25, Cincinnati, Premium
64, kristin.thomas@example.com, 41, Plano, Basic
49, victor.martinez@example.com, 34, Bakersfield, Premium
159, milton.martin@example.com, 31, Glendale, VIP
20, helen.wilson@example.com, 33, Washington, Basic
213, chloe.mitchell@example.com, 26, Tucson, VIP
141, lee.anderson@example.com, 51, St. Louis, Premium
99, dean.davis@example.com, 44, Huntsville, VIP
129, pete.thomas@example.com, 45, Cleveland, Premium
197, fabian.oneill@example.com, 40, Alexandria, Premium
102, jill.anderson@example.com, 27, Grand Rapids, Basic
63, ricky.anderson@example.com, 29, Anchorage, VIP
205, emma.wright@example.com, 25, Austin, Basic
134, myrtle.thompson@example.com, 28, Aurora, Basic
17, daniel.thompson@example.com, 39, San Francisco, Premium
34, jean.davis@example.com, 44, Kansas City, Basic
90, michele.thomas@example.com, 29, Tacoma, Basic
189, donovan.norman@example.com, 25, Providence, Premium
52, tiffany.jackson@example.com, 30, Anaheim, Basic
174, arron.watts@example.com, 47, Moreno Valley, Basic
147, lloyd.thompson@example.com, 28, Orlando, VIP
118, courtney.white@example.com, 22, Augusta, Basic
41, kenneth.harris@example.com, 52, Miami, Premium
30, doris.thompson@example.com, 25, Tucson, Basic
194, enrique.chandler@example.com, 29, Hampton, Basic
237, leah.peterson@example.com, 34, Saint Paul, VIP
227, lily.reed@example.com, 43, New Orleans, Premium
218, matthew.campbell@example.com, 35, Raleigh, Premium
125, gerard.davis@example.com, 44, Miami, Premium
179, benito.warren@example.com, 39, Mobile, VIP
130, shelly.jackson@example.com, 34, Wichita, Basic
80, irene.harris@example.com, 42, Fremont, Basic
261, , 39, San Bernardino, VIP
16, ruth.martin@example.com, 30, Indianapolis, Basic
143, alberto.jackson@example.com, 35, Henderson, VIP
114, lydia.martinez@example.com, 24, Akron, Basic
254, dominic.ford@example.com, 27, Scottsdale, Premium
124, celeste.wilson@example.com, 26, Long Beach, Basic
236, jonathan.gray@example.com, 46, St. Louis, Premium
151, tracey.davis@example.com, 44, Chandler, VIP
231, , 37, Anaheim, VIP
196, everett.heath@example.com, 22, Akron, Basic
199, gilberto.mayo@example.com, 28, Little Rock, VIP
243, paisley.ross@example.com, 29, Irvine, VIP
58, beverly.rodriguez@example.com, 47, Stockton, Basic
96, rosa.garcia@example.com, 47, Sioux Falls, Basic
175, chadwick.chavez@example.com, 36, Pomona, VIP
33, gregory.wilson@example.com, 26, Long Beach, Premium
88, erica.martinez@example.com, 24, Modesto, Basic
23, roy.martinez@example.com, 36, Baltimore, VIP
70, ashley.garcia@example.com, 46, Laredo, Basic
50, pamela.anderson@example.com, 23, Tampa, Basic
251, , 44, Buffalo, Premium
257, autumn.fisher@example.com, 32, Irving, Premium
4, emily.brown@example.com, 28, Houston, Basic
140, brad.martinez@example.com, 24, Stockton, Basic
137, ervin.wilson@example.com, 25, Santa Ana, Premium
91, franklin.jackson@example.com, 35, Oxnard, VIP
120, erma.martin@example.com, 33, Columbus, Basic
38, judy.thomas@example.com, 46, Virginia Beach, Basic
187, dave.conrad@example.com, 40, Amarillo, VIP
200, gregorio.byrd@example.com, 47, Augusta, Basic
270, mackenzie.case@example.com, 33, Moreno Valley, VIP
207, ava.hall@example.com, 33, Memphis, VIP
100, grace.garcia@example.com, 30, Shreveport, Basic
67, dean.harris@example.com, 48, Newark, VIP
46, janice.wilson@example.com, 31, Wichita, Basic
146, sherri.martin@example.com, 33, Plano, Basic
127, lonnie.martinez@example.com, 39, Minneapolis, VIP
241, claire.wood@example.com, 33, Plano, Basic
177, beau.arnold@example.com, 44, El Paso, Premium
55, bruce.martin@example.com, 43, Riverside, VIP
162, aida.rodriguez@example.com, 37, Fremont, Basic
82, elaine.thompson@example.com, 23, Richmond, Basic
2, alice.johnson@example.com, 25, Los Angeles, Basic
92, kara.white@example.com, 22, Moreno Valley, Basic
42, sandra.martin@example.com, 29, Oakland, Basic
85, clifford.wilson@example.com, 25, Spokane, Premium
35, gary.garcia@example.com, 30, Mesa, VIP
110, francis.rodriguez@example.com, 37, Worcester, Basic
61, nathan.garcia@example.com, 50, Henderson, Premium
115, tracey.anderson@example.com, 51, Alexandria, VIP
272, kayla.marsh@example.com, 30, Columbus, Premium
107, kent.martin@example.com, 31, Providence, VIP
51, jesse.thomas@example.com, 51, Aurora, VIP
213, chloe.mitchell@example.com, 26, Tucson, VIP
229, aubrey.morgan@example.com, 22, Tampa, Basic
254, dominic.ford@example.com, 27, Scottsdale, Premium
167, gavin.henderson@example.com, 51, Spokane, VIP
47, ralph.davis@example.com, 27, Arlington, VIP
74, marilyn.garcia@example.com, 32, Buffalo, Basic
150, hilda.wilson@example.com, 26, Durham, Basic
116, sergio.thomas@example.com, 29, Corpus Christi, Basic
8, barbara.rodriguez@example.com, 29, San Diego, Basic
148, jodi.garcia@example.com, 47, Irvine, Basic
191, efrain.carrillo@example.com, 32, Brownsville, VIP
37, larry.anderson@example.com, 27, Colorado Springs, Premium
75, walter.martinez@example.com, 26, Lubbock, VIP
98, rosemary.wilson@example.com, 26, Santa Clarita, Basic
164, gussie.davis@example.com, 43, Richmond, Basic
225, grace.morris@example.com, 29, Wichita, VIP
216, daniel.turner@example.com, 28, Long Beach, VIP
259, violet.webb@example.com, 24, Boise, Basic
128, jackie.anderson@example.com, 27, Tulsa, Basic
81, gabriel.martin@example.com, 31, Boise, Premium
190, dwight.brock@example.com, 43, Knoxville, Basic
57, sean.garcia@example.com, 28, Lexington, Premium
131, wilbert.white@example.com, 23, Arlington, VIP
172, aidan.perkins@example.com, 33, Tacoma, Basic
207, ava.hall@example.com, 33, Memphis, VIP
3, robert.williams@example.com, 45, Chicago, VIP
48, brenda.garcia@example.com, 45, New Orleans, Basic
200, gregorio.byrd@example.com, 47, Augusta, Basic
180, brian.lambert@example.com, 27, Santa Clarita, Basic
220, james.evans@example.com, 24, Miami, Basic
28, beverly.harris@example.com, 42, Milwaukee, Basic
108, candice.thompson@example.com, 28, Knoxville, Basic
29, randy.martin@example.com, 37, Albuquerque, Premium
79, earl.white@example.com, 27, Irving, VIP
111, brent.wilson@example.com, 25, Newport News, VIP
43, phillip.thompson@example.com, 35, Tulsa, VIP
1, john.smith@example.com, 32, New York, Premium
10, susan.anderson@example.com, 35, San Jose, Basic
6, linda.wilson@example.com, 22, Philadelphia, Basic
123, heath.rodriguez@example.com, 36, Sacramento, VIP
229, aubrey.morgan@example.com, 22, Tampa, Basic
133, eileen.martin@example.com, 31, Tampa, Premium
193, emery.santiago@example.com, 51, Newport News, Premium
94, leah.martin@example.com, 33, Columbus, Basic
95, blake.thompson@example.com, 28, El Paso, VIP
119, kurt.harris@example.com, 40, Mobile, VIP
14, dorothy.white@example.com, 24, Columbus, Basic
68, sara.martin@example.com, 37, Durham, Basic
69, joe.thompson@example.com, 27, Chandler, Premium
84, katie.rodriguez@example.com, 37, Birmingham, Basic
180, brian.lambert@example.com, 27, Santa Clarita, Basic
5, michael.davis@example.com, 38, Phoenix, Premium
97, curtis.rodriguez@example.com, 36, Mobile, Premium
83, mario.garcia@example.com, 49, San Bernardino, VIP
77, carlos.thomas@example.com, 30, Glendale, Premium
106, loretta.harris@example.com, 52, Tallahassee, Basic
78, julie.jackson@example.com, 38, North Las Vegas, Basic
